dept_name,gender,from_date,to_date,calendar_year,active_year
Marketing,M,1995-12-30,1998-12-29,1990,0
Marketing,M,1995-12-30,1998-12-29,1991,0
Marketing,M,1995-12-30,1998-12-29,1992,0
Marketing,M,1995-12-30,1998-12-29,1993,0
Marketing,M,1995-12-30,1998-12-29,1994,0
Marketing,M,1995-12-30,1998-12-29,1995,1
Marketing,M,1995-12-30,1998-12-29,1996,1
Marketing,M,1995-12-30,1998-12-29,1997,1
Marketing,M,1995-12-30,1998-12-29,1998,1
Marketing,M,1995-12-30,1998-12-29,1999,0
Marketing,M,1995-12-30,1998-12-29,2000,0
Marketing,M,1995-12-30,1998-12-29,2022,0
Marketing,M,1997-04-09,9999-01-01,1990,0
Marketing,M,1997-04-09,9999-01-01,1991,0
Marketing,M,1997-04-09,9999-01-01,1992,0
Marketing,M,1997-04-09,9999-01-01,1993,0
Marketing,M,1997-04-09,9999-01-01,1994,0
Marketing,M,1997-04-09,9999-01-01,1995,0
Marketing,M,1997-04-09,9999-01-01,1996,0
Marketing,M,1997-04-09,9999-01-01,1997,1
Marketing,M,1997-04-09,9999-01-01,1998,1
Marketing,M,1997-04-09,9999-01-01,1999,1
Marketing,M,1997-04-09,9999-01-01,2000,1
Marketing,M,1997-04-09,9999-01-01,2022,1
Marketing,M,1991-12-31,1997-12-29,1990,0
Marketing,M,1991-12-31,1997-12-29,1991,1
Marketing,M,1991-12-31,1997-12-29,1992,1
Marketing,M,1991-12-31,1997-12-29,1993,1
Marketing,M,1991-12-31,1997-12-29,1994,1
Marketing,M,1991-12-31,1997-12-29,1995,1
Marketing,M,1991-12-31,1997-12-29,1996,1
Marketing,M,1991-12-31,1997-12-29,1997,1
Marketing,M,1991-12-31,1997-12-29,1998,0
Marketing,M,1991-12-31,1997-12-29,1999,0
Marketing,M,1991-12-31,1997-12-29,2000,0
Marketing,M,1991-12-31,1997-12-29,2022,0
Marketing,F,1993-08-02,1998-08-01,1990,0
Marketing,F,1993-08-02,1998-08-01,1991,0
Marketing,F,1993-08-02,1998-08-01,1992,0
Marketing,F,1993-08-02,1998-08-01,1993,1
Marketing,F,1993-08-02,1998-08-01,1994,1
Marketing,F,1993-08-02,1998-08-01,1995,1
Marketing,F,1993-08-02,1998-08-01,1996,1
Marketing,F,1993-08-02,1998-08-01,1997,1
Marketing,F,1993-08-02,1998-08-01,1998,1
Marketing,F,1993-08-02,1998-08-01,1999,0
Marketing,F,1993-08-02,1998-08-01,2000,0
Marketing,F,1993-08-02,1998-08-01,2022,0
Marketing,M,1993-12-30,2000-12-28,1990,0
Marketing,M,1993-12-30,2000-12-28,1991,0
Marketing,M,1993-12-30,2000-12-28,1992,0
Marketing,M,1993-12-30,2000-12-28,1993,1
Marketing,M,1993-12-30,2000-12-28,1994,1
Marketing,M,1993-12-30,2000-12-28,1995,1
Marketing,M,1993-12-30,2000-12-28,1996,1
Marketing,M,1993-12-30,2000-12-28,1997,1
Marketing,M,1993-12-30,2000-12-28,1998,1
Marketing,M,1993-12-30,2000-12-28,1999,1
Marketing,M,1993-12-30,2000-12-28,2000,1
Marketing,M,1993-12-30,2000-12-28,2022,0
Marketing,F,1992-11-20,1997-11-19,1990,0
Marketing,F,1992-11-20,1997-11-19,1991,0
Marketing,F,1992-11-20,1997-11-19,1992,1
Marketing,F,1992-11-20,1997-11-19,1993,1
Marketing,F,1992-11-20,1997-11-19,1994,1
Marketing,F,1992-11-20,1997-11-19,1995,1
Marketing,F,1992-11-20,1997-11-19,1996,1
Marketing,F,1992-11-20,1997-11-19,1997,1
Marketing,F,1992-11-20,1997-11-19,1998,0
Marketing,F,1992-11-20,1997-11-19,1999,0
Marketing,F,1992-11-20,1997-11-19,2000,0
Marketing,F,1992-11-20,1997-11-19,2022,0
Marketing,F,1995-10-13,2000-10-11,1990,0
Marketing,F,1995-10-13,2000-10-11,1991,0
Marketing,F,1995-10-13,2000-10-11,1992,0
Marketing,F,1995-10-13,2000-10-11,1993,0
Marketing,F,1995-10-13,2000-10-11,1994,0
Marketing,F,1995-10-13,2000-10-11,1995,1
Marketing,F,1995-10-13,2000-10-11,1996,1
Marketing,F,1995-10-13,2000-10-11,1997,1
Marketing,F,1995-10-13,2000-10-11,1998,1
Marketing,F,1995-10-13,2000-10-11,1999,1
Marketing,F,1995-10-13,2000-10-11,2000,1
Marketing,F,1995-10-13,2000-10-11,2022,0
Marketing,M,1995-02-04,9999-01-01,1990,0
Marketing,M,1995-02-04,9999-01-01,1991,0
Marketing,M,1995-02-04,9999-01-01,1992,0
Marketing,M,1995-02-04,9999-01-01,1993,0
Marketing,M,1995-02-04,9999-01-01,1994,0
Marketing,M,1995-02-04,9999-01-01,1995,1
Marketing,M,1995-02-04,9999-01-01,1996,1
Marketing,M,1995-02-04,9999-01-01,1997,1
Marketing,M,1995-02-04,9999-01-01,1998,1
Marketing,M,1995-02-04,9999-01-01,1999,1
Marketing,M,1995-02-04,9999-01-01,2000,1
Marketing,M,1995-02-04,9999-01-01,2022,1
Marketing,F,1996-12-29,2002-12-28,1990,0
Marketing,F,1996-12-29,2002-12-28,1991,0
Marketing,F,1996-12-29,2002-12-28,1992,0
Marketing,F,1996-12-29,2002-12-28,1993,0
Marketing,F,1996-12-29,2002-12-28,1994,0
Marketing,F,1996-12-29,2002-12-28,1995,0
Marketing,F,1996-12-29,2002-12-28,1996,1
Marketing,F,1996-12-29,2002-12-28,1997,1
Marketing,F,1996-12-29,2002-12-28,1998,1
Marketing,F,1996-12-29,2002-12-28,1999,1
Marketing,F,1996-12-29,2002-12-28,2000,1
Marketing,F,1996-12-29,2002-12-28,2022,0
Marketing,F,1993-01-06,1999-01-05,1990,0
Marketing,F,1993-01-06,1999-01-05,1991,0
Marketing,F,1993-01-06,1999-01-05,1992,0
Marketing,F,1993-01-06,1999-01-05,1993,1
Marketing,F,1993-01-06,1999-01-05,1994,1
Marketing,F,1993-01-06,1999-01-05,1995,1
Marketing,F,1993-01-06,1999-01-05,1996,1
Marketing,F,1993-01-06,1999-01-05,1997,1
Marketing,F,1993-01-06,1999-01-05,1998,1
Marketing,F,1993-01-06,1999-01-05,1999,1
Marketing,F,1993-01-06,1999-01-05,2000,0
Marketing,F,1993-01-06,1999-01-05,2022,0
Marketing,M,1994-08-10,1999-08-09,1990,0
Marketing,M,1994-08-10,1999-08-09,1991,0
Marketing,M,1994-08-10,1999-08-09,1992,0
Marketing,M,1994-08-10,1999-08-09,1993,0
Marketing,M,1994-08-10,1999-08-09,1994,1
Marketing,M,1994-08-10,1999-08-09,1995,1
Marketing,M,1994-08-10,1999-08-09,1996,1
Marketing,M,1994-08-10,1999-08-09,1997,1
Marketing,M,1994-08-10,1999-08-09,1998,1
Marketing,M,1994-08-10,1999-08-09,1999,1
Marketing,M,1994-08-10,1999-08-09,2000,0
Marketing,M,1994-08-10,1999-08-09,2022,0
Marketing,M,1991-06-09,1999-06-07,1990,0
Marketing,M,1991-06-09,1999-06-07,1991,1
Marketing,M,1991-06-09,1999-06-07,1992,1
Marketing,M,1991-06-09,1999-06-07,1993,1
Marketing,M,1991-06-09,1999-06-07,1994,1
Marketing,M,1991-06-09,1999-06-07,1995,1
Marketing,M,1991-06-09,1999-06-07,1996,1
Marketing,M,1991-06-09,1999-06-07,1997,1
Marketing,M,1991-06-09,1999-06-07,1998,1
Marketing,M,1991-06-09,1999-06-07,1999,1
Marketing,M,1991-06-09,1999-06-07,2000,0
Marketing,M,1991-06-09,1999-06-07,2022,0
Marketing,F,1998-05-29,2000-05-27,1990,0
Marketing,F,1998-05-29,2000-05-27,1991,0
Marketing,F,1998-05-29,2000-05-27,1992,0
Marketing,F,1998-05-29,2000-05-27,1993,0
Marketing,F,1998-05-29,2000-05-27,1994,0
Marketing,F,1998-05-29,2000-05-27,1995,0
Marketing,F,1998-05-29,2000-05-27,1996,0
Marketing,F,1998-05-29,2000-05-27,1997,0
Marketing,F,1998-05-29,2000-05-27,1998,1
Marketing,F,1998-05-29,2000-05-27,1999,1
Marketing,F,1998-05-29,2000-05-27,2000,1
Marketing,F,1998-05-29,2000-05-27,2022,0
Marketing,M,1999-05-29,2000-05-27,1990,0
Marketing,M,1999-05-29,2000-05-27,1991,0
Marketing,M,1999-05-29,2000-05-27,1992,0
Marketing,M,1999-05-29,2000-05-27,1993,0
Marketing,M,1999-05-29,2000-05-27,1994,0
Marketing,M,1999-05-29,2000-05-27,1995,0
Marketing,M,1999-05-29,2000-05-27,1996,0
Marketing,M,1999-05-29,2000-05-27,1997,0
Marketing,M,1999-05-29,2000-05-27,1998,0
Marketing,M,1999-05-29,2000-05-27,1999,1
Marketing,M,1999-05-29,2000-05-27,2000,1
Marketing,M,1999-05-29,2000-05-27,2022,0
Finance,M,1991-12-31,1998-12-29,1990,0
Finance,M,1991-12-31,1998-12-29,1991,1
Finance,M,1991-12-31,1998-12-29,1992,1
Finance,M,1991-12-31,1998-12-29,1993,1
Finance,M,1991-12-31,1998-12-29,1994,1
Finance,M,1991-12-31,1998-12-29,1995,1
Finance,M,1991-12-31,1998-12-29,1996,1
Finance,M,1991-12-31,1998-12-29,1997,1
Finance,M,1991-12-31,1998-12-29,1998,1
Finance,M,1991-12-31,1998-12-29,1999,0
Finance,M,1991-12-31,1998-12-29,2000,0
Finance,M,1991-12-31,1998-12-29,2022,0
Finance,F,1991-01-13,9999-01-01,1990,0
Finance,F,1991-01-13,9999-01-01,1991,1
Finance,F,1991-01-13,9999-01-01,1992,1
Finance,F,1991-01-13,9999-01-01,1993,1
Finance,F,1991-01-13,9999-01-01,1994,1
Finance,F,1991-01-13,9999-01-01,1995,1
Finance,F,1991-01-13,9999-01-01,1996,1
Finance,F,1991-01-13,9999-01-01,1997,1
Finance,F,1991-01-13,9999-01-01,1998,1
Finance,F,1991-01-13,9999-01-01,1999,1
Finance,F,1991-01-13,9999-01-01,2000,1
Finance,F,1991-01-13,9999-01-01,2022,1
Finance,F,1993-12-30,1999-12-29,1990,0
Finance,F,1993-12-30,1999-12-29,1991,0
Finance,F,1993-12-30,1999-12-29,1992,0
Finance,F,1993-12-30,1999-12-29,1993,1
Finance,F,1993-12-30,1999-12-29,1994,1
Finance,F,1993-12-30,1999-12-29,1995,1
Finance,F,1993-12-30,1999-12-29,1996,1
Finance,F,1993-12-30,1999-12-29,1997,1
Finance,F,1993-12-30,1999-12-29,1998,1
Finance,F,1993-12-30,1999-12-29,1999,1
Finance,F,1993-12-30,1999-12-29,2000,0
Finance,F,1993-12-30,1999-12-29,2022,0
Finance,F,1995-08-02,2000-07-31,1990,0
Finance,F,1995-08-02,2000-07-31,1991,0
Finance,F,1995-08-02,2000-07-31,1992,0
Finance,F,1995-08-02,2000-07-31,1993,0
Finance,F,1995-08-02,2000-07-31,1994,0
Finance,F,1995-08-02,2000-07-31,1995,1
Finance,F,1995-08-02,2000-07-31,1996,1
Finance,F,1995-08-02,2000-07-31,1997,1
Finance,F,1995-08-02,2000-07-31,1998,1
Finance,F,1995-08-02,2000-07-31,1999,1
Finance,F,1995-08-02,2000-07-31,2000,1
Finance,F,1995-08-02,2000-07-31,2022,0
Finance,M,1995-12-30,2002-12-28,1990,0
Finance,M,1995-12-30,2002-12-28,1991,0
Finance,M,1995-12-30,2002-12-28,1992,0
Finance,M,1995-12-30,2002-12-28,1993,0
Finance,M,1995-12-30,2002-12-28,1994,0
Finance,M,1995-12-30,2002-12-28,1995,1
Finance,M,1995-12-30,2002-12-28,1996,1
Finance,M,1995-12-30,2002-12-28,1997,1
Finance,M,1995-12-30,2002-12-28,1998,1
Finance,M,1995-12-30,2002-12-28,1999,1
Finance,M,1995-12-30,2002-12-28,2000,1
Finance,M,1995-12-30,2002-12-28,2022,0
Finance,M,1994-11-20,1999-11-19,1990,0
Finance,M,1994-11-20,1999-11-19,1991,0
Finance,M,1994-11-20,1999-11-19,1992,0
Finance,M,1994-11-20,1999-11-19,1993,0
Finance,M,1994-11-20,1999-11-19,1994,1
Finance,M,1994-11-20,1999-11-19,1995,1
Finance,M,1994-11-20,1999-11-19,1996,1
Finance,M,1994-11-20,1999-11-19,1997,1
Finance,M,1994-11-20,1999-11-19,1998,1
Finance,M,1994-11-20,1999-11-19,1999,1
Finance,M,1994-11-20,1999-11-19,2000,0
Finance,M,1994-11-20,1999-11-19,2022,0
Finance,M,1997-10-12,2002-10-11,1990,0
Finance,M,1997-10-12,2002-10-11,1991,0
Finance,M,1997-10-12,2002-10-11,1992,0
Finance,M,1997-10-12,2002-10-11,1993,0
Finance,M,1997-10-12,2002-10-11,1994,0
Finance,M,1997-10-12,2002-10-11,1995,0
Finance,M,1997-10-12,2002-10-11,1996,0
Finance,M,1997-10-12,2002-10-11,1997,1
Finance,M,1997-10-12,2002-10-11,1998,1
Finance,M,1997-10-12,2002-10-11,1999,1
Finance,M,1997-10-12,2002-10-11,2000,1
Finance,M,1997-10-12,2002-10-11,2022,0
Finance,M,1997-02-03,9999-01-01,1990,0
Finance,M,1997-02-03,9999-01-01,1991,0
Finance,M,1997-02-03,9999-01-01,1992,0
Finance,M,1997-02-03,9999-01-01,1993,0
Finance,M,1997-02-03,9999-01-01,1994,0
Finance,M,1997-02-03,9999-01-01,1995,0
Finance,M,1997-02-03,9999-01-01,1996,0
Finance,M,1997-02-03,9999-01-01,1997,1
Finance,M,1997-02-03,9999-01-01,1998,1
Finance,M,1997-02-03,9999-01-01,1999,1
Finance,M,1997-02-03,9999-01-01,2000,1
Finance,M,1997-02-03,9999-01-01,2022,1
Finance,M,1998-12-29,2004-12-27,1990,0
Finance,M,1998-12-29,2004-12-27,1991,0
Finance,M,1998-12-29,2004-12-27,1992,0
Finance,M,1998-12-29,2004-12-27,1993,0
Finance,M,1998-12-29,2004-12-27,1994,0
Finance,M,1998-12-29,2004-12-27,1995,0
Finance,M,1998-12-29,2004-12-27,1996,0
Finance,M,1998-12-29,2004-12-27,1997,0
Finance,M,1998-12-29,2004-12-27,1998,1
Finance,M,1998-12-29,2004-12-27,1999,1
Finance,M,1998-12-29,2004-12-27,2000,1
Finance,M,1998-12-29,2004-12-27,2022,0
Finance,F,1995-01-06,2001-01-04,1990,0
Finance,F,1995-01-06,2001-01-04,1991,0
Finance,F,1995-01-06,2001-01-04,1992,0
Finance,F,1995-01-06,2001-01-04,1993,0
Finance,F,1995-01-06,2001-01-04,1994,0
Finance,F,1995-01-06,2001-01-04,1995,1
Finance,F,1995-01-06,2001-01-04,1996,1
Finance,F,1995-01-06,2001-01-04,1997,1
Finance,F,1995-01-06,2001-01-04,1998,1
Finance,F,1995-01-06,2001-01-04,1999,1
Finance,F,1995-01-06,2001-01-04,2000,1
Finance,F,1995-01-06,2001-01-04,2022,0
Finance,M,1996-08-09,2001-08-08,1990,0
Finance,M,1996-08-09,2001-08-08,1991,0
Finance,M,1996-08-09,2001-08-08,1992,0
Finance,M,1996-08-09,2001-08-08,1993,0
Finance,M,1996-08-09,2001-08-08,1994,0
Finance,M,1996-08-09,2001-08-08,1995,0
Finance,M,1996-08-09,2001-08-08,1996,1
Finance,M,1996-08-09,2001-08-08,1997,1
Finance,M,1996-08-09,2001-08-08,1998,1
Finance,M,1996-08-09,2001-08-08,1999,1
Finance,M,1996-08-09,2001-08-08,2000,1
Finance,M,1996-08-09,2001-08-08,2022,0
Finance,M,1993-06-08,2001-06-06,1990,0
Finance,M,1993-06-08,2001-06-06,1991,0
Finance,M,1993-06-08,2001-06-06,1992,0
Finance,M,1993-06-08,2001-06-06,1993,1
Finance,M,1993-06-08,2001-06-06,1994,1
Finance,M,1993-06-08,2001-06-06,1995,1
Finance,M,1993-06-08,2001-06-06,1996,1
Finance,M,1993-06-08,2001-06-06,1997,1
Finance,M,1993-06-08,2001-06-06,1998,1
Finance,M,1993-06-08,2001-06-06,1999,1
Finance,M,1993-06-08,2001-06-06,2000,1
Finance,M,1993-06-08,2001-06-06,2022,0
Finance,M,1993-12-30,2000-12-28,1990,0
Finance,M,1993-12-30,2000-12-28,1991,0
Finance,M,1993-12-30,2000-12-28,1992,0
Finance,M,1993-12-30,2000-12-28,1993,1
Finance,M,1993-12-30,2000-12-28,1994,1
Finance,M,1993-12-30,2000-12-28,1995,1
Finance,M,1993-12-30,2000-12-28,1996,1
Finance,M,1993-12-30,2000-12-28,1997,1
Finance,M,1993-12-30,2000-12-28,1998,1
Finance,M,1993-12-30,2000-12-28,1999,1
Finance,M,1993-12-30,2000-12-28,2000,1
Finance,M,1993-12-30,2000-12-28,2022,0
Finance,M,1999-05-29,2000-05-27,1990,0
Finance,M,1999-05-29,2000-05-27,1991,0
Finance,M,1999-05-29,2000-05-27,1992,0
Finance,M,1999-05-29,2000-05-27,1993,0
Finance,M,1999-05-29,2000-05-27,1994,0
Finance,M,1999-05-29,2000-05-27,1995,0
Finance,M,1999-05-29,2000-05-27,1996,0
Finance,M,1999-05-29,2000-05-27,1997,0
Finance,M,1999-05-29,2000-05-27,1998,0
Finance,M,1999-05-29,2000-05-27,1999,1
Finance,M,1999-05-29,2000-05-27,2000,1
Finance,M,1999-05-29,2000-05-27,2022,0
Finance,M,2000-05-29,9999-01-01,1990,0
Finance,M,2000-05-29,9999-01-01,1991,0
Finance,M,2000-05-29,9999-01-01,1992,0
Finance,M,2000-05-29,9999-01-01,1993,0
Finance,M,2000-05-29,9999-01-01,1994,0
Finance,M,2000-05-29,9999-01-01,1995,0
Finance,M,2000-05-29,9999-01-01,1996,0
Finance,M,2000-05-29,9999-01-01,1997,0
Finance,M,2000-05-29,9999-01-01,1998,0
Finance,M,2000-05-29,9999-01-01,1999,0
Finance,M,2000-05-29,9999-01-01,2000,1
Finance,M,2000-05-29,9999-01-01,2022,1
"Human Resources",F,1990-12-31,1996-12-29,1990,1
"Human Resources",F,1990-12-31,1996-12-29,1991,1
"Human Resources",F,1990-12-31,1996-12-29,1992,1
"Human Resources",F,1990-12-31,1996-12-29,1993,1
"Human Resources",F,1990-12-31,1996-12-29,1994,1
"Human Resources",F,1990-12-31,1996-12-29,1995,1
"Human Resources",F,1990-12-31,1996-12-29,1996,1
"Human Resources",F,1990-12-31,1996-12-29,1997,0
"Human Resources",F,1990-12-31,1996-12-29,1998,0
"Human Resources",F,1990-12-31,1996-12-29,1999,0
"Human Resources",F,1990-12-31,1996-12-29,2000,0
"Human Resources",F,1990-12-31,1996-12-29,2022,0
"Human Resources",F,1992-08-02,1997-08-01,1990,0
"Human Resources",F,1992-08-02,1997-08-01,1991,0
"Human Resources",F,1992-08-02,1997-08-01,1992,1
"Human Resources",F,1992-08-02,1997-08-01,1993,1
"Human Resources",F,1992-08-02,1997-08-01,1994,1
"Human Resources",F,1992-08-02,1997-08-01,1995,1
"Human Resources",F,1992-08-02,1997-08-01,1996,1
"Human Resources",F,1992-08-02,1997-08-01,1997,1
"Human Resources",F,1992-08-02,1997-08-01,1998,0
"Human Resources",F,1992-08-02,1997-08-01,1999,0
"Human Resources",F,1992-08-02,1997-08-01,2000,0
"Human Resources",F,1992-08-02,1997-08-01,2022,0
"Human Resources",M,1994-11-25,2001-11-23,1990,0
"Human Resources",M,1994-11-25,2001-11-23,1991,0
"Human Resources",M,1994-11-25,2001-11-23,1992,0
"Human Resources",M,1994-11-25,2001-11-23,1993,0
"Human Resources",M,1994-11-25,2001-11-23,1994,1
"Human Resources",M,1994-11-25,2001-11-23,1995,1
"Human Resources",M,1994-11-25,2001-11-23,1996,1
"Human Resources",M,1994-11-25,2001-11-23,1997,1
"Human Resources",M,1994-11-25,2001-11-23,1998,1
"Human Resources",M,1994-11-25,2001-11-23,1999,1
"Human Resources",M,1994-11-25,2001-11-23,2000,1
"Human Resources",M,1994-11-25,2001-11-23,2022,0
"Human Resources",M,1993-10-16,1998-10-15,1990,0
"Human Resources",M,1993-10-16,1998-10-15,1991,0
"Human Resources",M,1993-10-16,1998-10-15,1992,0
"Human Resources",M,1993-10-16,1998-10-15,1993,1
"Human Resources",M,1993-10-16,1998-10-15,1994,1
"Human Resources",M,1993-10-16,1998-10-15,1995,1
"Human Resources",M,1993-10-16,1998-10-15,1996,1
"Human Resources",M,1993-10-16,1998-10-15,1997,1
"Human Resources",M,1993-10-16,1998-10-15,1998,1
"Human Resources",M,1993-10-16,1998-10-15,1999,0
"Human Resources",M,1993-10-16,1998-10-15,2000,0
"Human Resources",M,1993-10-16,1998-10-15,2022,0
"Human Resources",M,1996-09-07,2001-09-06,1990,0
"Human Resources",M,1996-09-07,2001-09-06,1991,0
"Human Resources",M,1996-09-07,2001-09-06,1992,0
"Human Resources",M,1996-09-07,2001-09-06,1993,0
"Human Resources",M,1996-09-07,2001-09-06,1994,0
"Human Resources",M,1996-09-07,2001-09-06,1995,0
"Human Resources",M,1996-09-07,2001-09-06,1996,1
"Human Resources",M,1996-09-07,2001-09-06,1997,1
"Human Resources",M,1996-09-07,2001-09-06,1998,1
"Human Resources",M,1996-09-07,2001-09-06,1999,1
"Human Resources",M,1996-09-07,2001-09-06,2000,1
"Human Resources",M,1996-09-07,2001-09-06,2022,0
"Human Resources",M,1995-12-31,9999-01-01,1990,0
"Human Resources",M,1995-12-31,9999-01-01,1991,0
"Human Resources",M,1995-12-31,9999-01-01,1992,0
"Human Resources",M,1995-12-31,9999-01-01,1993,0
"Human Resources",M,1995-12-31,9999-01-01,1994,0
"Human Resources",M,1995-12-31,9999-01-01,1995,1
"Human Resources",M,1995-12-31,9999-01-01,1996,1
"Human Resources",M,1995-12-31,9999-01-01,1997,1
"Human Resources",M,1995-12-31,9999-01-01,1998,1
"Human Resources",M,1995-12-31,9999-01-01,1999,1
"Human Resources",M,1995-12-31,9999-01-01,2000,1
"Human Resources",M,1995-12-31,9999-01-01,2022,1
"Human Resources",M,1997-11-24,2003-11-23,1990,0
"Human Resources",M,1997-11-24,2003-11-23,1991,0
"Human Resources",M,1997-11-24,2003-11-23,1992,0
"Human Resources",M,1997-11-24,2003-11-23,1993,0
"Human Resources",M,1997-11-24,2003-11-23,1994,0
"Human Resources",M,1997-11-24,2003-11-23,1995,0
"Human Resources",M,1997-11-24,2003-11-23,1996,0
"Human Resources",M,1997-11-24,2003-11-23,1997,1
"Human Resources",M,1997-11-24,2003-11-23,1998,1
"Human Resources",M,1997-11-24,2003-11-23,1999,1
"Human Resources",M,1997-11-24,2003-11-23,2000,1
"Human Resources",M,1997-11-24,2003-11-23,2022,0
"Human Resources",F,1993-12-02,1999-12-01,1990,0
"Human Resources",F,1993-12-02,1999-12-01,1991,0
"Human Resources",F,1993-12-02,1999-12-01,1992,0
"Human Resources",F,1993-12-02,1999-12-01,1993,1
"Human Resources",F,1993-12-02,1999-12-01,1994,1
"Human Resources",F,1993-12-02,1999-12-01,1995,1
"Human Resources",F,1993-12-02,1999-12-01,1996,1
"Human Resources",F,1993-12-02,1999-12-01,1997,1
"Human Resources",F,1993-12-02,1999-12-01,1998,1
"Human Resources",F,1993-12-02,1999-12-01,1999,1
"Human Resources",F,1993-12-02,1999-12-01,2000,0
"Human Resources",F,1993-12-02,1999-12-01,2022,0
"Human Resources",M,1995-07-06,2000-07-04,1990,0
"Human Resources",M,1995-07-06,2000-07-04,1991,0
"Human Resources",M,1995-07-06,2000-07-04,1992,0
"Human Resources",M,1995-07-06,2000-07-04,1993,0
"Human Resources",M,1995-07-06,2000-07-04,1994,0
"Human Resources",M,1995-07-06,2000-07-04,1995,1
"Human Resources",M,1995-07-06,2000-07-04,1996,1
"Human Resources",M,1995-07-06,2000-07-04,1997,1
"Human Resources",M,1995-07-06,2000-07-04,1998,1
"Human Resources",M,1995-07-06,2000-07-04,1999,1
"Human Resources",M,1995-07-06,2000-07-04,2000,1
"Human Resources",M,1995-07-06,2000-07-04,2022,0
"Human Resources",F,1992-05-04,2000-05-02,1990,0
"Human Resources",F,1992-05-04,2000-05-02,1991,0
"Human Resources",F,1992-05-04,2000-05-02,1992,1
"Human Resources",F,1992-05-04,2000-05-02,1993,1
"Human Resources",F,1992-05-04,2000-05-02,1994,1
"Human Resources",F,1992-05-04,2000-05-02,1995,1
"Human Resources",F,1992-05-04,2000-05-02,1996,1
"Human Resources",F,1992-05-04,2000-05-02,1997,1
"Human Resources",F,1992-05-04,2000-05-02,1998,1
"Human Resources",F,1992-05-04,2000-05-02,1999,1
"Human Resources",F,1992-05-04,2000-05-02,2000,1
"Human Resources",F,1992-05-04,2000-05-02,2022,0
"Human Resources",M,1992-10-01,2000-09-29,1990,0
"Human Resources",M,1992-10-01,2000-09-29,1991,0
"Human Resources",M,1992-10-01,2000-09-29,1992,1
"Human Resources",M,1992-10-01,2000-09-29,1993,1
"Human Resources",M,1992-10-01,2000-09-29,1994,1
"Human Resources",M,1992-10-01,2000-09-29,1995,1
"Human Resources",M,1992-10-01,2000-09-29,1996,1
"Human Resources",M,1992-10-01,2000-09-29,1997,1
"Human Resources",M,1992-10-01,2000-09-29,1998,1
"Human Resources",M,1992-10-01,2000-09-29,1999,1
"Human Resources",M,1992-10-01,2000-09-29,2000,1
"Human Resources",M,1992-10-01,2000-09-29,2022,0
"Human Resources",F,1994-05-15,2000-05-27,1990,0
"Human Resources",F,1994-05-15,2000-05-27,1991,0
"Human Resources",F,1994-05-15,2000-05-27,1992,0
"Human Resources",F,1994-05-15,2000-05-27,1993,0
"Human Resources",F,1994-05-15,2000-05-27,1994,1
"Human Resources",F,1994-05-15,2000-05-27,1995,1
"Human Resources",F,1994-05-15,2000-05-27,1996,1
"Human Resources",F,1994-05-15,2000-05-27,1997,1
"Human Resources",F,1994-05-15,2000-05-27,1998,1
"Human Resources",F,1994-05-15,2000-05-27,1999,1
"Human Resources",F,1994-05-15,2000-05-27,2000,1
"Human Resources",F,1994-05-15,2000-05-27,2022,0
"Human Resources",M,1997-05-29,2000-05-27,1990,0
"Human Resources",M,1997-05-29,2000-05-27,1991,0
"Human Resources",M,1997-05-29,2000-05-27,1992,0
"Human Resources",M,1997-05-29,2000-05-27,1993,0
"Human Resources",M,1997-05-29,2000-05-27,1994,0
"Human Resources",M,1997-05-29,2000-05-27,1995,0
"Human Resources",M,1997-05-29,2000-05-27,1996,0
"Human Resources",M,1997-05-29,2000-05-27,1997,1
"Human Resources",M,1997-05-29,2000-05-27,1998,1
"Human Resources",M,1997-05-29,2000-05-27,1999,1
"Human Resources",M,1997-05-29,2000-05-27,2000,1
"Human Resources",M,1997-05-29,2000-05-27,2022,0
"Human Resources",F,2000-05-29,9999-01-01,1990,0
"Human Resources",F,2000-05-29,9999-01-01,1991,0
"Human Resources",F,2000-05-29,9999-01-01,1992,0
"Human Resources",F,2000-05-29,9999-01-01,1993,0
"Human Resources",F,2000-05-29,9999-01-01,1994,0
"Human Resources",F,2000-05-29,9999-01-01,1995,0
"Human Resources",F,2000-05-29,9999-01-01,1996,0
"Human Resources",F,2000-05-29,9999-01-01,1997,0
"Human Resources",F,2000-05-29,9999-01-01,1998,0
"Human Resources",F,2000-05-29,9999-01-01,1999,0
"Human Resources",F,2000-05-29,9999-01-01,2000,1
"Human Resources",F,2000-05-29,9999-01-01,2022,1
Production,F,1992-12-30,1999-12-29,1990,0
Production,F,1992-12-30,1999-12-29,1991,0
Production,F,1992-12-30,1999-12-29,1992,1
Production,F,1992-12-30,1999-12-29,1993,1
Production,F,1992-12-30,1999-12-29,1994,1
Production,F,1992-12-30,1999-12-29,1995,1
Production,F,1992-12-30,1999-12-29,1996,1
Production,F,1992-12-30,1999-12-29,1997,1
Production,F,1992-12-30,1999-12-29,1998,1
Production,F,1992-12-30,1999-12-29,1999,1
Production,F,1992-12-30,1999-12-29,2000,0
Production,F,1992-12-30,1999-12-29,2022,0
Production,F,1991-11-21,1996-11-19,1990,0
Production,F,1991-11-21,1996-11-19,1991,1
Production,F,1991-11-21,1996-11-19,1992,1
Production,F,1991-11-21,1996-11-19,1993,1
Production,F,1991-11-21,1996-11-19,1994,1
Production,F,1991-11-21,1996-11-19,1995,1
Production,F,1991-11-21,1996-11-19,1996,1
Production,F,1991-11-21,1996-11-19,1997,0
Production,F,1991-11-21,1996-11-19,1998,0
Production,F,1991-11-21,1996-11-19,1999,0
Production,F,1991-11-21,1996-11-19,2000,0
Production,F,1991-11-21,1996-11-19,2022,0
Production,M,1994-10-13,1999-10-12,1990,0
Production,M,1994-10-13,1999-10-12,1991,0
Production,M,1994-10-13,1999-10-12,1992,0
Production,M,1994-10-13,1999-10-12,1993,0
Production,M,1994-10-13,1999-10-12,1994,1
Production,M,1994-10-13,1999-10-12,1995,1
Production,M,1994-10-13,1999-10-12,1996,1
Production,M,1994-10-13,1999-10-12,1997,1
Production,M,1994-10-13,1999-10-12,1998,1
Production,M,1994-10-13,1999-10-12,1999,1
Production,M,1994-10-13,1999-10-12,2000,0
Production,M,1994-10-13,1999-10-12,2022,0
Production,M,1994-02-04,9999-01-01,1990,0
Production,M,1994-02-04,9999-01-01,1991,0
Production,M,1994-02-04,9999-01-01,1992,0
Production,M,1994-02-04,9999-01-01,1993,0
Production,M,1994-02-04,9999-01-01,1994,1
Production,M,1994-02-04,9999-01-01,1995,1
Production,M,1994-02-04,9999-01-01,1996,1
Production,M,1994-02-04,9999-01-01,1997,1
Production,M,1994-02-04,9999-01-01,1998,1
Production,M,1994-02-04,9999-01-01,1999,1
Production,M,1994-02-04,9999-01-01,2000,1
Production,M,1994-02-04,9999-01-01,2022,1
Production,M,1991-01-30,1996-06-07,1990,0
Production,M,1991-01-30,1996-06-07,1991,1
Production,M,1991-01-30,1996-06-07,1992,1
Production,M,1991-01-30,1996-06-07,1993,1
Production,M,1991-01-30,1996-06-07,1994,1
Production,M,1991-01-30,1996-06-07,1995,1
Production,M,1991-01-30,1996-06-07,1996,1
Production,M,1991-01-30,1996-06-07,1997,0
Production,M,1991-01-30,1996-06-07,1998,0
Production,M,1991-01-30,1996-06-07,1999,0
Production,M,1991-01-30,1996-06-07,2000,0
Production,M,1991-01-30,1996-06-07,2022,0
Production,M,1990-03-11,1993-07-18,1990,1
Production,M,1990-03-11,1993-07-18,1991,1
Production,M,1990-03-11,1993-07-18,1992,1
Production,M,1990-03-11,1993-07-18,1993,1
Production,M,1990-03-11,1993-07-18,1994,0
Production,M,1990-03-11,1993-07-18,1995,0
Production,M,1990-03-11,1993-07-18,1996,0
Production,M,1990-03-11,1993-07-18,1997,0
Production,M,1990-03-11,1993-07-18,1998,0
Production,M,1990-03-11,1993-07-18,1999,0
Production,M,1990-03-11,1993-07-18,2000,0
Production,M,1990-03-11,1993-07-18,2022,0
Production,M,1991-03-23,1996-03-21,1990,0
Production,M,1991-03-23,1996-03-21,1991,1
Production,M,1991-03-23,1996-03-21,1992,1
Production,M,1991-03-23,1996-03-21,1993,1
Production,M,1991-03-23,1996-03-21,1994,1
Production,M,1991-03-23,1996-03-21,1995,1
Production,M,1991-03-23,1996-03-21,1996,1
Production,M,1991-03-23,1996-03-21,1997,0
Production,M,1991-03-23,1996-03-21,1998,0
Production,M,1991-03-23,1996-03-21,1999,0
Production,M,1991-03-23,1996-03-21,2000,0
Production,M,1991-03-23,1996-03-21,2022,0
Production,M,1990-07-15,1992-02-11,1990,1
Production,M,1990-07-15,1992-02-11,1991,1
Production,M,1990-07-15,1992-02-11,1992,1
Production,M,1990-07-15,1992-02-11,1993,0
Production,M,1990-07-15,1992-02-11,1994,0
Production,M,1990-07-15,1992-02-11,1995,0
Production,M,1990-07-15,1992-02-11,1996,0
Production,M,1990-07-15,1992-02-11,1997,0
Production,M,1990-07-15,1992-02-11,1998,0
Production,M,1990-07-15,1992-02-11,1999,0
Production,M,1990-07-15,1992-02-11,2000,0
Production,M,1990-07-15,1992-02-11,2022,0
Production,M,1992-12-30,2001-12-28,1990,0
Production,M,1992-12-30,2001-12-28,1991,0
Production,M,1992-12-30,2001-12-28,1992,1
Production,M,1992-12-30,2001-12-28,1993,1
Production,M,1992-12-30,2001-12-28,1994,1
Production,M,1992-12-30,2001-12-28,1995,1
Production,M,1992-12-30,2001-12-28,1996,1
Production,M,1992-12-30,2001-12-28,1997,1
Production,M,1992-12-30,2001-12-28,1998,1
Production,M,1992-12-30,2001-12-28,1999,1
Production,M,1992-12-30,2001-12-28,2000,1
Production,M,1992-12-30,2001-12-28,2022,0
Production,M,1993-04-25,1998-10-18,1990,0
Production,M,1993-04-25,1998-10-18,1991,0
Production,M,1993-04-25,1998-10-18,1992,0
Production,M,1993-04-25,1998-10-18,1993,1
Production,M,1993-04-25,1998-10-18,1994,1
Production,M,1993-04-25,1998-10-18,1995,1
Production,M,1993-04-25,1998-10-18,1996,1
Production,M,1993-04-25,1998-10-18,1997,1
Production,M,1993-04-25,1998-10-18,1998,1
Production,M,1993-04-25,1998-10-18,1999,0
Production,M,1993-04-25,1998-10-18,2000,0
Production,M,1993-04-25,1998-10-18,2022,0
Production,M,1993-03-30,1998-03-29,1990,0
Production,M,1993-03-30,1998-03-29,1991,0
Production,M,1993-03-30,1998-03-29,1992,0
Production,M,1993-03-30,1998-03-29,1993,1
Production,M,1993-03-30,1998-03-29,1994,1
Production,M,1993-03-30,1998-03-29,1995,1
Production,M,1993-03-30,1998-03-29,1996,1
Production,M,1993-03-30,1998-03-29,1997,1
Production,M,1993-03-30,1998-03-29,1998,1
Production,M,1993-03-30,1998-03-29,1999,0
Production,M,1993-03-30,1998-03-29,2000,0
Production,M,1993-03-30,1998-03-29,2022,0
Production,M,1996-02-20,2001-02-18,1990,0
Production,M,1996-02-20,2001-02-18,1991,0
Production,M,1996-02-20,2001-02-18,1992,0
Production,M,1996-02-20,2001-02-18,1993,0
Production,M,1996-02-20,2001-02-18,1994,0
Production,M,1996-02-20,2001-02-18,1995,0
Production,M,1996-02-20,2001-02-18,1996,1
Production,M,1996-02-20,2001-02-18,1997,1
Production,M,1996-02-20,2001-02-18,1998,1
Production,M,1996-02-20,2001-02-18,1999,1
Production,M,1996-02-20,2001-02-18,2000,1
Production,M,1996-02-20,2001-02-18,2022,0
Production,F,1995-06-14,2004-12-27,1990,0
Production,F,1995-06-14,2004-12-27,1991,0
Production,F,1995-06-14,2004-12-27,1992,0
Production,F,1995-06-14,2004-12-27,1993,0
Production,F,1995-06-14,2004-12-27,1994,0
Production,F,1995-06-14,2004-12-27,1995,1
Production,F,1995-06-14,2004-12-27,1996,1
Production,F,1995-06-14,2004-12-27,1997,1
Production,F,1995-06-14,2004-12-27,1998,1
Production,F,1995-06-14,2004-12-27,1999,1
Production,F,1995-06-14,2004-12-27,2000,1
Production,F,1995-06-14,2004-12-27,2022,0
Production,M,1998-05-29,2000-05-27,1990,0
Production,M,1998-05-29,2000-05-27,1991,0
Production,M,1998-05-29,2000-05-27,1992,0
Production,M,1998-05-29,2000-05-27,1993,0
Production,M,1998-05-29,2000-05-27,1994,0
Production,M,1998-05-29,2000-05-27,1995,0
Production,M,1998-05-29,2000-05-27,1996,0
Production,M,1998-05-29,2000-05-27,1997,0
Production,M,1998-05-29,2000-05-27,1998,1
Production,M,1998-05-29,2000-05-27,1999,1
Production,M,1998-05-29,2000-05-27,2000,1
Production,M,1998-05-29,2000-05-27,2022,0
Development,M,1991-12-31,2000-12-28,1990,0
Development,M,1991-12-31,2000-12-28,1991,1
Development,M,1991-12-31,2000-12-28,1992,1
Development,M,1991-12-31,2000-12-28,1993,1
Development,M,1991-12-31,2000-12-28,1994,1
Development,M,1991-12-31,2000-12-28,1995,1
Development,M,1991-12-31,2000-12-28,1996,1
Development,M,1991-12-31,2000-12-28,1997,1
Development,M,1991-12-31,2000-12-28,1998,1
Development,M,1991-12-31,2000-12-28,1999,1
Development,M,1991-12-31,2000-12-28,2000,1
Development,M,1991-12-31,2000-12-28,2022,0
Development,F,1992-04-25,1997-10-18,1990,0
Development,F,1992-04-25,1997-10-18,1991,0
Development,F,1992-04-25,1997-10-18,1992,1
Development,F,1992-04-25,1997-10-18,1993,1
Development,F,1992-04-25,1997-10-18,1994,1
Development,F,1992-04-25,1997-10-18,1995,1
Development,F,1992-04-25,1997-10-18,1996,1
Development,F,1992-04-25,1997-10-18,1997,1
Development,F,1992-04-25,1997-10-18,1998,0
Development,F,1992-04-25,1997-10-18,1999,0
Development,F,1992-04-25,1997-10-18,2000,0
Development,F,1992-04-25,1997-10-18,2022,0
Development,M,1990-01-05,2003-08-20,1990,1
Development,M,1990-01-05,2003-08-20,1991,1
Development,M,1990-01-05,2003-08-20,1992,1
Development,M,1990-01-05,2003-08-20,1993,1
Development,M,1990-01-05,2003-08-20,1994,1
Development,M,1990-01-05,2003-08-20,1995,1
Development,M,1990-01-05,2003-08-20,1996,1
Development,M,1990-01-05,2003-08-20,1997,1
Development,M,1990-01-05,2003-08-20,1998,1
Development,M,1990-01-05,2003-08-20,1999,1
Development,M,1990-01-05,2003-08-20,2000,1
Development,M,1990-01-05,2003-08-20,2022,0
Development,M,1994-10-03,1998-10-02,1990,0
Development,M,1994-10-03,1998-10-02,1991,0
Development,M,1994-10-03,1998-10-02,1992,0
Development,M,1994-10-03,1998-10-02,1993,0
Development,M,1994-10-03,1998-10-02,1994,1
Development,M,1994-10-03,1998-10-02,1995,1
Development,M,1994-10-03,1998-10-02,1996,1
Development,M,1994-10-03,1998-10-02,1997,1
Development,M,1994-10-03,1998-10-02,1998,1
Development,M,1994-10-03,1998-10-02,1999,0
Development,M,1994-10-03,1998-10-02,2000,0
Development,M,1994-10-03,1998-10-02,2022,0
Development,F,1997-04-07,2001-04-06,1990,0
Development,F,1997-04-07,2001-04-06,1991,0
Development,F,1997-04-07,2001-04-06,1992,0
Development,F,1997-04-07,2001-04-06,1993,0
Development,F,1997-04-07,2001-04-06,1994,0
Development,F,1997-04-07,2001-04-06,1995,0
Development,F,1997-04-07,2001-04-06,1996,0
Development,F,1997-04-07,2001-04-06,1997,1
Development,F,1997-04-07,2001-04-06,1998,1
Development,F,1997-04-07,2001-04-06,1999,1
Development,F,1997-04-07,2001-04-06,2000,1
Development,F,1997-04-07,2001-04-06,2022,0
Development,M,1999-02-28,9999-01-01,1990,0
Development,M,1999-02-28,9999-01-01,1991,0
Development,M,1999-02-28,9999-01-01,1992,0
Development,M,1999-02-28,9999-01-01,1993,0
Development,M,1999-02-28,9999-01-01,1994,0
Development,M,1999-02-28,9999-01-01,1995,0
Development,M,1999-02-28,9999-01-01,1996,0
Development,M,1999-02-28,9999-01-01,1997,0
Development,M,1999-02-28,9999-01-01,1998,0
Development,M,1999-02-28,9999-01-01,1999,1
Development,M,1999-02-28,9999-01-01,2000,1
Development,M,1999-02-28,9999-01-01,2022,1
Development,M,1993-02-20,1998-02-19,1990,0
Development,M,1993-02-20,1998-02-19,1991,0
Development,M,1993-02-20,1998-02-19,1992,0
Development,M,1993-02-20,1998-02-19,1993,1
Development,M,1993-02-20,1998-02-19,1994,1
Development,M,1993-02-20,1998-02-19,1995,1
Development,M,1993-02-20,1998-02-19,1996,1
Development,M,1993-02-20,1998-02-19,1997,1
Development,M,1993-02-20,1998-02-19,1998,1
Development,M,1993-02-20,1998-02-19,1999,0
Development,M,1993-02-20,1998-02-19,2000,0
Development,M,1993-02-20,1998-02-19,2022,0
Development,M,1992-06-14,1994-01-11,1990,0
Development,M,1992-06-14,1994-01-11,1991,0
Development,M,1992-06-14,1994-01-11,1992,1
Development,M,1992-06-14,1994-01-11,1993,1
Development,M,1992-06-14,1994-01-11,1994,1
Development,M,1992-06-14,1994-01-11,1995,0
Development,M,1992-06-14,1994-01-11,1996,0
Development,M,1992-06-14,1994-01-11,1997,0
Development,M,1992-06-14,1994-01-11,1998,0
Development,M,1992-06-14,1994-01-11,1999,0
Development,M,1992-06-14,1994-01-11,2000,0
Development,M,1992-06-14,1994-01-11,2022,0
Development,F,1994-11-30,2003-11-28,1990,0
Development,F,1994-11-30,2003-11-28,1991,0
Development,F,1994-11-30,2003-11-28,1992,0
Development,F,1994-11-30,2003-11-28,1993,0
Development,F,1994-11-30,2003-11-28,1994,1
Development,F,1994-11-30,2003-11-28,1995,1
Development,F,1994-11-30,2003-11-28,1996,1
Development,F,1994-11-30,2003-11-28,1997,1
Development,F,1994-11-30,2003-11-28,1998,1
Development,F,1994-11-30,2003-11-28,1999,1
Development,F,1994-11-30,2003-11-28,2000,1
Development,F,1994-11-30,2003-11-28,2022,0
Development,F,1995-03-26,2000-09-17,1990,0
Development,F,1995-03-26,2000-09-17,1991,0
Development,F,1995-03-26,2000-09-17,1992,0
Development,F,1995-03-26,2000-09-17,1993,0
Development,F,1995-03-26,2000-09-17,1994,0
Development,F,1995-03-26,2000-09-17,1995,1
Development,F,1995-03-26,2000-09-17,1996,1
Development,F,1995-03-26,2000-09-17,1997,1
Development,F,1995-03-26,2000-09-17,1998,1
Development,F,1995-03-26,2000-09-17,1999,1
Development,F,1995-03-26,2000-09-17,2000,1
Development,F,1995-03-26,2000-09-17,2022,0
Development,M,1995-02-28,2000-02-27,1990,0
Development,M,1995-02-28,2000-02-27,1991,0
Development,M,1995-02-28,2000-02-27,1992,0
Development,M,1995-02-28,2000-02-27,1993,0
Development,M,1995-02-28,2000-02-27,1994,0
Development,M,1995-02-28,2000-02-27,1995,1
Development,M,1995-02-28,2000-02-27,1996,1
Development,M,1995-02-28,2000-02-27,1997,1
Development,M,1995-02-28,2000-02-27,1998,1
Development,M,1995-02-28,2000-02-27,1999,1
Development,M,1995-02-28,2000-02-27,2000,1
Development,M,1995-02-28,2000-02-27,2022,0
Development,F,1992-01-29,1996-09-27,1990,0
Development,F,1992-01-29,1996-09-27,1991,0
Development,F,1992-01-29,1996-09-27,1992,1
Development,F,1992-01-29,1996-09-27,1993,1
Development,F,1992-01-29,1996-09-27,1994,1
Development,F,1992-01-29,1996-09-27,1995,1
Development,F,1992-01-29,1996-09-27,1996,1
Development,F,1992-01-29,1996-09-27,1997,0
Development,F,1992-01-29,1996-09-27,1998,0
Development,F,1992-01-29,1996-09-27,1999,0
Development,F,1992-01-29,1996-09-27,2000,0
Development,F,1992-01-29,1996-09-27,2022,0
Development,F,1999-03-12,2000-01-21,1990,0
Development,F,1999-03-12,2000-01-21,1991,0
Development,F,1999-03-12,2000-01-21,1992,0
Development,F,1999-03-12,2000-01-21,1993,0
Development,F,1999-03-12,2000-01-21,1994,0
Development,F,1999-03-12,2000-01-21,1995,0
Development,F,1999-03-12,2000-01-21,1996,0
Development,F,1999-03-12,2000-01-21,1997,0
Development,F,1999-03-12,2000-01-21,1998,0
Development,F,1999-03-12,2000-01-21,1999,1
Development,F,1999-03-12,2000-01-21,2000,1
Development,F,1999-03-12,2000-01-21,2022,0
Development,F,1998-05-29,9999-01-01,1990,0
Development,F,1998-05-29,9999-01-01,1991,0
Development,F,1998-05-29,9999-01-01,1992,0
Development,F,1998-05-29,9999-01-01,1993,0
Development,F,1998-05-29,9999-01-01,1994,0
Development,F,1998-05-29,9999-01-01,1995,0
Development,F,1998-05-29,9999-01-01,1996,0
Development,F,1998-05-29,9999-01-01,1997,0
Development,F,1998-05-29,9999-01-01,1998,1
Development,F,1998-05-29,9999-01-01,1999,1
Development,F,1998-05-29,9999-01-01,2000,1
Development,F,1998-05-29,9999-01-01,2022,1
"Quality Management",F,1995-12-30,2001-12-28,1990,0
"Quality Management",F,1995-12-30,2001-12-28,1991,0
"Quality Management",F,1995-12-30,2001-12-28,1992,0
"Quality Management",F,1995-12-30,2001-12-28,1993,0
"Quality Management",F,1995-12-30,2001-12-28,1994,0
"Quality Management",F,1995-12-30,2001-12-28,1995,1
"Quality Management",F,1995-12-30,2001-12-28,1996,1
"Quality Management",F,1995-12-30,2001-12-28,1997,1
"Quality Management",F,1995-12-30,2001-12-28,1998,1
"Quality Management",F,1995-12-30,2001-12-28,1999,1
"Quality Management",F,1995-12-30,2001-12-28,2000,1
"Quality Management",F,1995-12-30,2001-12-28,2022,0
"Quality Management",F,1992-01-07,1998-01-05,1990,0
"Quality Management",F,1992-01-07,1998-01-05,1991,0
"Quality Management",F,1992-01-07,1998-01-05,1992,1
"Quality Management",F,1992-01-07,1998-01-05,1993,1
"Quality Management",F,1992-01-07,1998-01-05,1994,1
"Quality Management",F,1992-01-07,1998-01-05,1995,1
"Quality Management",F,1992-01-07,1998-01-05,1996,1
"Quality Management",F,1992-01-07,1998-01-05,1997,1
"Quality Management",F,1992-01-07,1998-01-05,1998,1
"Quality Management",F,1992-01-07,1998-01-05,1999,0
"Quality Management",F,1992-01-07,1998-01-05,2000,0
"Quality Management",F,1992-01-07,1998-01-05,2022,0
"Quality Management",F,1993-08-10,1998-08-09,1990,0
"Quality Management",F,1993-08-10,1998-08-09,1991,0
"Quality Management",F,1993-08-10,1998-08-09,1992,0
"Quality Management",F,1993-08-10,1998-08-09,1993,1
"Quality Management",F,1993-08-10,1998-08-09,1994,1
"Quality Management",F,1993-08-10,1998-08-09,1995,1
"Quality Management",F,1993-08-10,1998-08-09,1996,1
"Quality Management",F,1993-08-10,1998-08-09,1997,1
"Quality Management",F,1993-08-10,1998-08-09,1998,1
"Quality Management",F,1993-08-10,1998-08-09,1999,0
"Quality Management",F,1993-08-10,1998-08-09,2000,0
"Quality Management",F,1993-08-10,1998-08-09,2022,0
"Quality Management",M,1990-06-09,1998-06-07,1990,1
"Quality Management",M,1990-06-09,1998-06-07,1991,1
"Quality Management",M,1990-06-09,1998-06-07,1992,1
"Quality Management",M,1990-06-09,1998-06-07,1993,1
"Quality Management",M,1990-06-09,1998-06-07,1994,1
"Quality Management",M,1990-06-09,1998-06-07,1995,1
"Quality Management",M,1990-06-09,1998-06-07,1996,1
"Quality Management",M,1990-06-09,1998-06-07,1997,1
"Quality Management",M,1990-06-09,1998-06-07,1998,1
"Quality Management",M,1990-06-09,1998-06-07,1999,0
"Quality Management",M,1990-06-09,1998-06-07,2000,0
"Quality Management",M,1990-06-09,1998-06-07,2022,0
"Quality Management",M,1994-05-14,2000-05-12,1990,0
"Quality Management",M,1994-05-14,2000-05-12,1991,0
"Quality Management",M,1994-05-14,2000-05-12,1992,0
"Quality Management",M,1994-05-14,2000-05-12,1993,0
"Quality Management",M,1994-05-14,2000-05-12,1994,1
"Quality Management",M,1994-05-14,2000-05-12,1995,1
"Quality Management",M,1994-05-14,2000-05-12,1996,1
"Quality Management",M,1994-05-14,2000-05-12,1997,1
"Quality Management",M,1994-05-14,2000-05-12,1998,1
"Quality Management",M,1994-05-14,2000-05-12,1999,1
"Quality Management",M,1994-05-14,2000-05-12,2000,1
"Quality Management",M,1994-05-14,2000-05-12,2022,0
"Quality Management",F,1993-05-12,1998-05-11,1990,0
"Quality Management",F,1993-05-12,1998-05-11,1991,0
"Quality Management",F,1993-05-12,1998-05-11,1992,0
"Quality Management",F,1993-05-12,1998-05-11,1993,1
"Quality Management",F,1993-05-12,1998-05-11,1994,1
"Quality Management",F,1993-05-12,1998-05-11,1995,1
"Quality Management",F,1993-05-12,1998-05-11,1996,1
"Quality Management",F,1993-05-12,1998-05-11,1997,1
"Quality Management",F,1993-05-12,1998-05-11,1998,1
"Quality Management",F,1993-05-12,1998-05-11,1999,0
"Quality Management",F,1993-05-12,1998-05-11,2000,0
"Quality Management",F,1993-05-12,1998-05-11,2022,0
"Quality Management",M,1991-03-04,1996-03-02,1990,0
"Quality Management",M,1991-03-04,1996-03-02,1991,1
"Quality Management",M,1991-03-04,1996-03-02,1992,1
"Quality Management",M,1991-03-04,1996-03-02,1993,1
"Quality Management",M,1991-03-04,1996-03-02,1994,1
"Quality Management",M,1991-03-04,1996-03-02,1995,1
"Quality Management",M,1991-03-04,1996-03-02,1996,1
"Quality Management",M,1991-03-04,1996-03-02,1997,0
"Quality Management",M,1991-03-04,1996-03-02,1998,0
"Quality Management",M,1991-03-04,1996-03-02,1999,0
"Quality Management",M,1991-03-04,1996-03-02,2000,0
"Quality Management",M,1991-03-04,1996-03-02,2022,0
"Quality Management",M,1990-06-27,1995-06-26,1990,1
"Quality Management",M,1990-06-27,1995-06-26,1991,1
"Quality Management",M,1990-06-27,1995-06-26,1992,1
"Quality Management",M,1990-06-27,1995-06-26,1993,1
"Quality Management",M,1990-06-27,1995-06-26,1994,1
"Quality Management",M,1990-06-27,1995-06-26,1995,1
"Quality Management",M,1990-06-27,1995-06-26,1996,0
"Quality Management",M,1990-06-27,1995-06-26,1997,0
"Quality Management",M,1990-06-27,1995-06-26,1998,0
"Quality Management",M,1990-06-27,1995-06-26,1999,0
"Quality Management",M,1990-06-27,1995-06-26,2000,0
"Quality Management",M,1990-06-27,1995-06-26,2022,0
"Quality Management",F,1996-12-29,2002-12-28,1990,0
"Quality Management",F,1996-12-29,2002-12-28,1991,0
"Quality Management",F,1996-12-29,2002-12-28,1992,0
"Quality Management",F,1996-12-29,2002-12-28,1993,0
"Quality Management",F,1996-12-29,2002-12-28,1994,0
"Quality Management",F,1996-12-29,2002-12-28,1995,0
"Quality Management",F,1996-12-29,2002-12-28,1996,1
"Quality Management",F,1996-12-29,2002-12-28,1997,1
"Quality Management",F,1996-12-29,2002-12-28,1998,1
"Quality Management",F,1996-12-29,2002-12-28,1999,1
"Quality Management",F,1996-12-29,2002-12-28,2000,1
"Quality Management",F,1996-12-29,2002-12-28,2022,0
"Quality Management",F,1993-01-06,1999-01-05,1990,0
"Quality Management",F,1993-01-06,1999-01-05,1991,0
"Quality Management",F,1993-01-06,1999-01-05,1992,0
"Quality Management",F,1993-01-06,1999-01-05,1993,1
"Quality Management",F,1993-01-06,1999-01-05,1994,1
"Quality Management",F,1993-01-06,1999-01-05,1995,1
"Quality Management",F,1993-01-06,1999-01-05,1996,1
"Quality Management",F,1993-01-06,1999-01-05,1997,1
"Quality Management",F,1993-01-06,1999-01-05,1998,1
"Quality Management",F,1993-01-06,1999-01-05,1999,1
"Quality Management",F,1993-01-06,1999-01-05,2000,0
"Quality Management",F,1993-01-06,1999-01-05,2022,0
"Quality Management",F,1994-08-10,1999-08-09,1990,0
"Quality Management",F,1994-08-10,1999-08-09,1991,0
"Quality Management",F,1994-08-10,1999-08-09,1992,0
"Quality Management",F,1994-08-10,1999-08-09,1993,0
"Quality Management",F,1994-08-10,1999-08-09,1994,1
"Quality Management",F,1994-08-10,1999-08-09,1995,1
"Quality Management",F,1994-08-10,1999-08-09,1996,1
"Quality Management",F,1994-08-10,1999-08-09,1997,1
"Quality Management",F,1994-08-10,1999-08-09,1998,1
"Quality Management",F,1994-08-10,1999-08-09,1999,1
"Quality Management",F,1994-08-10,1999-08-09,2000,0
"Quality Management",F,1994-08-10,1999-08-09,2022,0
"Quality Management",M,1991-06-09,1999-06-07,1990,0
"Quality Management",M,1991-06-09,1999-06-07,1991,1
"Quality Management",M,1991-06-09,1999-06-07,1992,1
"Quality Management",M,1991-06-09,1999-06-07,1993,1
"Quality Management",M,1991-06-09,1999-06-07,1994,1
"Quality Management",M,1991-06-09,1999-06-07,1995,1
"Quality Management",M,1991-06-09,1999-06-07,1996,1
"Quality Management",M,1991-06-09,1999-06-07,1997,1
"Quality Management",M,1991-06-09,1999-06-07,1998,1
"Quality Management",M,1991-06-09,1999-06-07,1999,1
"Quality Management",M,1991-06-09,1999-06-07,2000,0
"Quality Management",M,1991-06-09,1999-06-07,2022,0
"Quality Management",M,1995-05-14,2001-05-12,1990,0
"Quality Management",M,1995-05-14,2001-05-12,1991,0
"Quality Management",M,1995-05-14,2001-05-12,1992,0
"Quality Management",M,1995-05-14,2001-05-12,1993,0
